ClusterIndex,AvgDuration,AvgReaction
9,738.6666666666666,290.3333333333333
2,719.2,190.6
0,2017.5714285714287,256.85714285714283
11,851.7777777777778,266.44444444444446
5,534.75,341.25
1,1834.4444444444443,404.44444444444446
3,460.25,371.75
14,4.2,590.8
6,4163.571428571428,266
4,3720.8571428571427,217.85714285714286
10,761.0909090909091,296.6363636363636
12,785,306
8,3991.909090909091,330.72727272727275
7,2149.5,321.625
