ClusterIndex,AvgDuration,AvgReaction
8,3991.909090909091,330.72727272727275
1,1834.4444444444443,404.44444444444446
13,19,67
11,851.7777777777778,266.44444444444446
4,3720.8571428571427,217.85714285714286
2,719.2,190.6
7,2149.5,321.625
9,738.6666666666666,290.3333333333333
5,534.75,341.25
6,4163.571428571428,266
10,761.0909090909091,296.6363636363636
12,785,306
3,460.25,371.75
0,2017.5714285714287,256.85714285714283
