ClusterIndex,AvgDuration,AvgReaction
11,851.7777777777778,266.44444444444446
4,3720.8571428571427,217.85714285714286
12,785,306
1,1834.4444444444443,404.44444444444446
7,2149.5,321.625
0,2037,294.25
6,4336.25,240.25
2,2104.285714285714,153.28571428571428
9,738.6666666666666,290.3333333333333
5,534.75,341.25
3,460.25,371.75
13,470.3125,305
10,761.0909090909091,296.6363636363636
8,3991.909090909091,330.72727272727275
